epoch,time,train/box_loss,train/cls_loss,train/dfl_loss,metrics/precision(B),metrics/recall(B),metrics/mAP50(B),metrics/mAP50-95(B),val/box_loss,val/cls_loss,val/dfl_loss,lr/pg0,lr/pg1,lr/pg2
1,25.4281,0.7648,2.03746,1.10039,0.9996,1,0.995,0.83081,0.70562,0.60434,1.01859,0.00064,0.00064,0.00064
2,46.1569,0.72311,0.70949,1.05391,0.99951,1,0.995,0.86094,0.54563,0.61656,0.95763,0.00124852,0.00124852,0.00124852
